path	prover	declaration	caller
scripts/visual-contract/baselines/after-cn09/capabilities-120x40.json	scripts/visual-contract/baseline-capture.ts	//  scripts/visual-contract/baseline-capture.ts — R0: the BEFORE	//  NOT a pool prover — a deliberate capture tool, the INTERVIEW
scripts/visual-contract/baselines/after-cn09/capabilities-80x30.json	scripts/visual-contract/baseline-capture.ts	//  scripts/visual-contract/baseline-capture.ts — R0: the BEFORE	//  NOT a pool prover — a deliberate capture tool, the INTERVIEW
scripts/visual-contract/baselines/after-cn09/cockpit-mission-100x30.json	scripts/visual-contract/baseline-capture.ts	//  scripts/visual-contract/baseline-capture.ts — R0: the BEFORE	//  NOT a pool prover — a deliberate capture tool, the INTERVIEW
scripts/visual-contract/baselines/after-cn09/cockpit-mission-120x40.json	scripts/visual-contract/baseline-capture.ts	//  scripts/visual-contract/baseline-capture.ts — R0: the BEFORE	//  NOT a pool prover — a deliberate capture tool, the INTERVIEW
scripts/visual-contract/baselines/after-cn09/cockpit-mission-150x45.json	scripts/visual-contract/baseline-capture.ts	//  scripts/visual-contract/baseline-capture.ts — R0: the BEFORE	//  NOT a pool prover — a deliberate capture tool, the INTERVIEW
scripts/visual-contract/baselines/after-cn09/cockpit-mission-45x12.json	scripts/visual-contract/baseline-capture.ts	//  scripts/visual-contract/baseline-capture.ts — R0: the BEFORE	//  NOT a pool prover — a deliberate capture tool, the INTERVIEW
scripts/visual-contract/baselines/after-cn09/cockpit-mission-60x18.json	scripts/visual-contract/baseline-capture.ts	//  scripts/visual-contract/baseline-capture.ts — R0: the BEFORE	//  NOT a pool prover — a deliberate capture tool, the INTERVIEW
scripts/visual-contract/baselines/after-cn09/cockpit-mission-80x24.json	scripts/visual-contract/baseline-capture.ts	//  scripts/visual-contract/baseline-capture.ts — R0: the BEFORE	//  NOT a pool prover — a deliberate capture tool, the INTERVIEW
scripts/visual-contract/baselines/after-cn09/model-picker-home-100x30.json	scripts/visual-contract/baseline-capture.ts	//  scripts/visual-contract/baseline-capture.ts — R0: the BEFORE	//  NOT a pool prover — a deliberate capture tool, the INTERVIEW
scripts/visual-contract/baselines/after-cn09/model-picker-home-120x40.json	scripts/visual-contract/baseline-capture.ts	//  scripts/visual-contract/baseline-capture.ts — R0: the BEFORE	//  NOT a pool prover — a deliberate capture tool, the INTERVIEW
scripts/visual-contract/baselines/after-cn09/model-picker-home-150x45.json	scripts/visual-contract/baseline-capture.ts	//  scripts/visual-contract/baseline-capture.ts — R0: the BEFORE	//  NOT a pool prover — a deliberate capture tool, the INTERVIEW
scripts/visual-contract/baselines/after-cn09/model-picker-home-45x12.json	scripts/visual-contract/baseline-capture.ts	//  scripts/visual-contract/baseline-capture.ts — R0: the BEFORE	//  NOT a pool prover — a deliberate capture tool, the INTERVIEW
scripts/visual-contract/baselines/after-cn09/model-picker-home-60x18.json	scripts/visual-contract/baseline-capture.ts	//  scripts/visual-contract/baseline-capture.ts — R0: the BEFORE	//  NOT a pool prover — a deliberate capture tool, the INTERVIEW
scripts/visual-contract/baselines/after-cn09/model-picker-home-80x24.json	scripts/visual-contract/baseline-capture.ts	//  scripts/visual-contract/baseline-capture.ts — R0: the BEFORE	//  NOT a pool prover — a deliberate capture tool, the INTERVIEW
scripts/visual-contract/baselines/after-cn09/splash-lockup-100x30.json	scripts/visual-contract/baseline-capture.ts	//  scripts/visual-contract/baseline-capture.ts — R0: the BEFORE	//  NOT a pool prover — a deliberate capture tool, the INTERVIEW
scripts/visual-contract/baselines/after-cn09/splash-lockup-120x40.json	scripts/visual-contract/baseline-capture.ts	//  scripts/visual-contract/baseline-capture.ts — R0: the BEFORE	//  NOT a pool prover — a deliberate capture tool, the INTERVIEW
scripts/visual-contract/baselines/after-cn09/splash-lockup-150x45.json	scripts/visual-contract/baseline-capture.ts	//  scripts/visual-contract/baseline-capture.ts — R0: the BEFORE	//  NOT a pool prover — a deliberate capture tool, the INTERVIEW
scripts/visual-contract/baselines/after-cn09/splash-lockup-45x12.json	scripts/visual-contract/baseline-capture.ts	//  scripts/visual-contract/baseline-capture.ts — R0: the BEFORE	//  NOT a pool prover — a deliberate capture tool, the INTERVIEW
scripts/visual-contract/baselines/after-cn09/splash-lockup-60x18.json	scripts/visual-contract/baseline-capture.ts	//  scripts/visual-contract/baseline-capture.ts — R0: the BEFORE	//  NOT a pool prover — a deliberate capture tool, the INTERVIEW
scripts/visual-contract/baselines/after-cn09/splash-lockup-80x24-reduced-colour.json	scripts/visual-contract/baseline-capture.ts	//  scripts/visual-contract/baseline-capture.ts — R0: the BEFORE	//  NOT a pool prover — a deliberate capture tool, the INTERVIEW
scripts/visual-contract/baselines/after-cn09/splash-lockup-80x24-reduced-motion.json	scripts/visual-contract/baseline-capture.ts	//  scripts/visual-contract/baseline-capture.ts — R0: the BEFORE	//  NOT a pool prover — a deliberate capture tool, the INTERVIEW
scripts/visual-contract/baselines/after-cn09/splash-lockup-80x24.json	scripts/visual-contract/baseline-capture.ts	//  scripts/visual-contract/baseline-capture.ts — R0: the BEFORE	//  NOT a pool prover — a deliberate capture tool, the INTERVIEW
scripts/visual-contract/baselines/after-cn09/splash-menu-100x30.json	scripts/visual-contract/baseline-capture.ts	//  scripts/visual-contract/baseline-capture.ts — R0: the BEFORE	//  NOT a pool prover — a deliberate capture tool, the INTERVIEW
scripts/visual-contract/baselines/after-cn09/splash-menu-120x40.json	scripts/visual-contract/baseline-capture.ts	//  scripts/visual-contract/baseline-capture.ts — R0: the BEFORE	//  NOT a pool prover — a deliberate capture tool, the INTERVIEW
scripts/visual-contract/baselines/after-cn09/splash-menu-150x45.json	scripts/visual-contract/baseline-capture.ts	//  scripts/visual-contract/baseline-capture.ts — R0: the BEFORE	//  NOT a pool prover — a deliberate capture tool, the INTERVIEW
scripts/visual-contract/baselines/after-cn09/splash-menu-80x24.json	scripts/visual-contract/baseline-capture.ts	//  scripts/visual-contract/baseline-capture.ts — R0: the BEFORE	//  NOT a pool prover — a deliberate capture tool, the INTERVIEW
scripts/visual-contract/baselines/after-cn09/splash-projects-100x30.json	scripts/visual-contract/baseline-capture.ts	//  scripts/visual-contract/baseline-capture.ts — R0: the BEFORE	//  NOT a pool prover — a deliberate capture tool, the INTERVIEW
scripts/visual-contract/baselines/after-cn09/splash-projects-120x40.json	scripts/visual-contract/baseline-capture.ts	//  scripts/visual-contract/baseline-capture.ts — R0: the BEFORE	//  NOT a pool prover — a deliberate capture tool, the INTERVIEW
scripts/visual-contract/baselines/after-cn09/splash-projects-150x45.json	scripts/visual-contract/baseline-capture.ts	//  scripts/visual-contract/baseline-capture.ts — R0: the BEFORE	//  NOT a pool prover — a deliberate capture tool, the INTERVIEW
scripts/visual-contract/baselines/after-cn09/splash-projects-80x24.json	scripts/visual-contract/baseline-capture.ts	//  scripts/visual-contract/baseline-capture.ts — R0: the BEFORE	//  NOT a pool prover — a deliberate capture tool, the INTERVIEW
scripts/visual-contract/baselines/after-cn09/thinking-row-100x30.json	scripts/visual-contract/baseline-capture.ts	//  scripts/visual-contract/baseline-capture.ts — R0: the BEFORE	//  NOT a pool prover — a deliberate capture tool, the INTERVIEW
scripts/visual-contract/baselines/after-cn09/thinking-row-120x40.json	scripts/visual-contract/baseline-capture.ts	//  scripts/visual-contract/baseline-capture.ts — R0: the BEFORE	//  NOT a pool prover — a deliberate capture tool, the INTERVIEW
scripts/visual-contract/baselines/after-cn09/thinking-row-150x45.json	scripts/visual-contract/baseline-capture.ts	//  scripts/visual-contract/baseline-capture.ts — R0: the BEFORE	//  NOT a pool prover — a deliberate capture tool, the INTERVIEW
scripts/visual-contract/baselines/after-cn09/thinking-row-45x12.json	scripts/visual-contract/baseline-capture.ts	//  scripts/visual-contract/baseline-capture.ts — R0: the BEFORE	//  NOT a pool prover — a deliberate capture tool, the INTERVIEW
scripts/visual-contract/baselines/after-cn09/thinking-row-60x18.json	scripts/visual-contract/baseline-capture.ts	//  scripts/visual-contract/baseline-capture.ts — R0: the BEFORE	//  NOT a pool prover — a deliberate capture tool, the INTERVIEW
scripts/visual-contract/baselines/after-cn09/thinking-row-80x24.json	scripts/visual-contract/baseline-capture.ts	//  scripts/visual-contract/baseline-capture.ts — R0: the BEFORE	//  NOT a pool prover — a deliberate capture tool, the INTERVIEW
scripts/visual-contract/baselines/after-cn15/cockpit-mission-100x30.json	scripts/visual-contract/baseline-capture.ts	//  scripts/visual-contract/baseline-capture.ts — R0: the BEFORE	//  NOT a pool prover — a deliberate capture tool, the INTERVIEW
scripts/visual-contract/baselines/after-cn15/cockpit-mission-120x40.json	scripts/visual-contract/baseline-capture.ts	//  scripts/visual-contract/baseline-capture.ts — R0: the BEFORE	//  NOT a pool prover — a deliberate capture tool, the INTERVIEW
scripts/visual-contract/baselines/after-cn15/cockpit-mission-150x45.json	scripts/visual-contract/baseline-capture.ts	//  scripts/visual-contract/baseline-capture.ts — R0: the BEFORE	//  NOT a pool prover — a deliberate capture tool, the INTERVIEW
scripts/visual-contract/baselines/after-cn15/cockpit-mission-45x12.json	scripts/visual-contract/baseline-capture.ts	//  scripts/visual-contract/baseline-capture.ts — R0: the BEFORE	//  NOT a pool prover — a deliberate capture tool, the INTERVIEW
scripts/visual-contract/baselines/after-cn15/cockpit-mission-60x18.json	scripts/visual-contract/baseline-capture.ts	//  scripts/visual-contract/baseline-capture.ts — R0: the BEFORE	//  NOT a pool prover — a deliberate capture tool, the INTERVIEW
scripts/visual-contract/baselines/after-cn15/cockpit-mission-80x24.json	scripts/visual-contract/baseline-capture.ts	//  scripts/visual-contract/baseline-capture.ts — R0: the BEFORE	//  NOT a pool prover — a deliberate capture tool, the INTERVIEW
scripts/visual-contract/baselines/after-cn15/model-picker-home-100x30.json	scripts/visual-contract/baseline-capture.ts	//  scripts/visual-contract/baseline-capture.ts — R0: the BEFORE	//  NOT a pool prover — a deliberate capture tool, the INTERVIEW
scripts/visual-contract/baselines/after-cn15/model-picker-home-120x40.json	scripts/visual-contract/baseline-capture.ts	//  scripts/visual-contract/baseline-capture.ts — R0: the BEFORE	//  NOT a pool prover — a deliberate capture tool, the INTERVIEW
scripts/visual-contract/baselines/after-cn15/model-picker-home-150x45.json	scripts/visual-contract/baseline-capture.ts	//  scripts/visual-contract/baseline-capture.ts — R0: the BEFORE	//  NOT a pool prover — a deliberate capture tool, the INTERVIEW
scripts/visual-contract/baselines/after-cn15/model-picker-home-45x12.json	scripts/visual-contract/baseline-capture.ts	//  scripts/visual-contract/baseline-capture.ts — R0: the BEFORE	//  NOT a pool prover — a deliberate capture tool, the INTERVIEW
scripts/visual-contract/baselines/after-cn15/model-picker-home-60x18.json	scripts/visual-contract/baseline-capture.ts	//  scripts/visual-contract/baseline-capture.ts — R0: the BEFORE	//  NOT a pool prover — a deliberate capture tool, the INTERVIEW
scripts/visual-contract/baselines/after-cn15/model-picker-home-80x24.json	scripts/visual-contract/baseline-capture.ts	//  scripts/visual-contract/baseline-capture.ts — R0: the BEFORE	//  NOT a pool prover — a deliberate capture tool, the INTERVIEW
scripts/visual-contract/baselines/after-cn15/thinking-row-100x30.json	scripts/visual-contract/baseline-capture.ts	//  scripts/visual-contract/baseline-capture.ts — R0: the BEFORE	//  NOT a pool prover — a deliberate capture tool, the INTERVIEW
scripts/visual-contract/baselines/after-cn15/thinking-row-120x40.json	scripts/visual-contract/baseline-capture.ts	//  scripts/visual-contract/baseline-capture.ts — R0: the BEFORE	//  NOT a pool prover — a deliberate capture tool, the INTERVIEW
scripts/visual-contract/baselines/after-cn15/thinking-row-150x45.json	scripts/visual-contract/baseline-capture.ts	//  scripts/visual-contract/baseline-capture.ts — R0: the BEFORE	//  NOT a pool prover — a deliberate capture tool, the INTERVIEW
scripts/visual-contract/baselines/after-cn15/thinking-row-45x12.json	scripts/visual-contract/baseline-capture.ts	//  scripts/visual-contract/baseline-capture.ts — R0: the BEFORE	//  NOT a pool prover — a deliberate capture tool, the INTERVIEW
scripts/visual-contract/baselines/after-cn15/thinking-row-60x18.json	scripts/visual-contract/baseline-capture.ts	//  scripts/visual-contract/baseline-capture.ts — R0: the BEFORE	//  NOT a pool prover — a deliberate capture tool, the INTERVIEW
scripts/visual-contract/baselines/after-cn15/thinking-row-80x24.json	scripts/visual-contract/baseline-capture.ts	//  scripts/visual-contract/baseline-capture.ts — R0: the BEFORE	//  NOT a pool prover — a deliberate capture tool, the INTERVIEW
scripts/visual-contract/baselines/cockpit-mission-100x30.json	scripts/visual-contract/baseline-capture.ts	//  scripts/visual-contract/baseline-capture.ts — R0: the BEFORE	//  NOT a pool prover — a deliberate capture tool, the INTERVIEW
scripts/visual-contract/baselines/cockpit-mission-120x40.json	scripts/visual-contract/baseline-capture.ts	//  scripts/visual-contract/baseline-capture.ts — R0: the BEFORE	//  NOT a pool prover — a deliberate capture tool, the INTERVIEW
scripts/visual-contract/baselines/cockpit-mission-150x45.json	scripts/visual-contract/baseline-capture.ts	//  scripts/visual-contract/baseline-capture.ts — R0: the BEFORE	//  NOT a pool prover — a deliberate capture tool, the INTERVIEW
scripts/visual-contract/baselines/cockpit-mission-45x12.json	scripts/visual-contract/baseline-capture.ts	//  scripts/visual-contract/baseline-capture.ts — R0: the BEFORE	//  NOT a pool prover — a deliberate capture tool, the INTERVIEW
scripts/visual-contract/baselines/cockpit-mission-60x18.json	scripts/visual-contract/baseline-capture.ts	//  scripts/visual-contract/baseline-capture.ts — R0: the BEFORE	//  NOT a pool prover — a deliberate capture tool, the INTERVIEW
scripts/visual-contract/baselines/cockpit-mission-80x24.json	scripts/visual-contract/baseline-capture.ts	//  scripts/visual-contract/baseline-capture.ts — R0: the BEFORE	//  NOT a pool prover — a deliberate capture tool, the INTERVIEW
scripts/visual-contract/baselines/model-picker-home-100x30.json	scripts/visual-contract/baseline-capture.ts	//  scripts/visual-contract/baseline-capture.ts — R0: the BEFORE	//  NOT a pool prover — a deliberate capture tool, the INTERVIEW
scripts/visual-contract/baselines/model-picker-home-120x40.json	scripts/visual-contract/baseline-capture.ts	//  scripts/visual-contract/baseline-capture.ts — R0: the BEFORE	//  NOT a pool prover — a deliberate capture tool, the INTERVIEW
scripts/visual-contract/baselines/model-picker-home-150x45.json	scripts/visual-contract/baseline-capture.ts	//  scripts/visual-contract/baseline-capture.ts — R0: the BEFORE	//  NOT a pool prover — a deliberate capture tool, the INTERVIEW
scripts/visual-contract/baselines/model-picker-home-45x12.json	scripts/visual-contract/baseline-capture.ts	//  scripts/visual-contract/baseline-capture.ts — R0: the BEFORE	//  NOT a pool prover — a deliberate capture tool, the INTERVIEW
scripts/visual-contract/baselines/model-picker-home-60x18.json	scripts/visual-contract/baseline-capture.ts	//  scripts/visual-contract/baseline-capture.ts — R0: the BEFORE	//  NOT a pool prover — a deliberate capture tool, the INTERVIEW
scripts/visual-contract/baselines/model-picker-home-80x24.json	scripts/visual-contract/baseline-capture.ts	//  scripts/visual-contract/baseline-capture.ts — R0: the BEFORE	//  NOT a pool prover — a deliberate capture tool, the INTERVIEW
scripts/visual-contract/baselines/splash-lockup-100x30.json	scripts/visual-contract/baseline-capture.ts	//  scripts/visual-contract/baseline-capture.ts — R0: the BEFORE	//  NOT a pool prover — a deliberate capture tool, the INTERVIEW
scripts/visual-contract/baselines/splash-lockup-120x40.json	scripts/visual-contract/baseline-capture.ts	//  scripts/visual-contract/baseline-capture.ts — R0: the BEFORE	//  NOT a pool prover — a deliberate capture tool, the INTERVIEW
scripts/visual-contract/baselines/splash-lockup-150x45.json	scripts/visual-contract/baseline-capture.ts	//  scripts/visual-contract/baseline-capture.ts — R0: the BEFORE	//  NOT a pool prover — a deliberate capture tool, the INTERVIEW
scripts/visual-contract/baselines/splash-lockup-45x12.json	scripts/visual-contract/baseline-capture.ts	//  scripts/visual-contract/baseline-capture.ts — R0: the BEFORE	//  NOT a pool prover — a deliberate capture tool, the INTERVIEW
scripts/visual-contract/baselines/splash-lockup-60x18.json	scripts/visual-contract/baseline-capture.ts	//  scripts/visual-contract/baseline-capture.ts — R0: the BEFORE	//  NOT a pool prover — a deliberate capture tool, the INTERVIEW
scripts/visual-contract/baselines/splash-lockup-80x24-reduced-colour.json	scripts/visual-contract/baseline-capture.ts	//  scripts/visual-contract/baseline-capture.ts — R0: the BEFORE	//  NOT a pool prover — a deliberate capture tool, the INTERVIEW
scripts/visual-contract/baselines/splash-lockup-80x24-reduced-motion.json	scripts/visual-contract/baseline-capture.ts	//  scripts/visual-contract/baseline-capture.ts — R0: the BEFORE	//  NOT a pool prover — a deliberate capture tool, the INTERVIEW
scripts/visual-contract/baselines/splash-lockup-80x24.json	scripts/visual-contract/baseline-capture.ts	//  scripts/visual-contract/baseline-capture.ts — R0: the BEFORE	//  NOT a pool prover — a deliberate capture tool, the INTERVIEW
scripts/visual-contract/baselines/splash-menu-100x30.json	scripts/visual-contract/baseline-capture.ts	//  scripts/visual-contract/baseline-capture.ts — R0: the BEFORE	//  NOT a pool prover — a deliberate capture tool, the INTERVIEW
scripts/visual-contract/baselines/splash-menu-120x40.json	scripts/visual-contract/baseline-capture.ts	//  scripts/visual-contract/baseline-capture.ts — R0: the BEFORE	//  NOT a pool prover — a deliberate capture tool, the INTERVIEW
scripts/visual-contract/baselines/splash-menu-150x45.json	scripts/visual-contract/baseline-capture.ts	//  scripts/visual-contract/baseline-capture.ts — R0: the BEFORE	//  NOT a pool prover — a deliberate capture tool, the INTERVIEW
scripts/visual-contract/baselines/splash-menu-80x24.json	scripts/visual-contract/baseline-capture.ts	//  scripts/visual-contract/baseline-capture.ts — R0: the BEFORE	//  NOT a pool prover — a deliberate capture tool, the INTERVIEW
scripts/visual-contract/baselines/splash-projects-100x30.json	scripts/visual-contract/baseline-capture.ts	//  scripts/visual-contract/baseline-capture.ts — R0: the BEFORE	//  NOT a pool prover — a deliberate capture tool, the INTERVIEW
scripts/visual-contract/baselines/splash-projects-120x40.json	scripts/visual-contract/baseline-capture.ts	//  scripts/visual-contract/baseline-capture.ts — R0: the BEFORE	//  NOT a pool prover — a deliberate capture tool, the INTERVIEW
scripts/visual-contract/baselines/splash-projects-150x45.json	scripts/visual-contract/baseline-capture.ts	//  scripts/visual-contract/baseline-capture.ts — R0: the BEFORE	//  NOT a pool prover — a deliberate capture tool, the INTERVIEW
scripts/visual-contract/baselines/splash-projects-80x24.json	scripts/visual-contract/baseline-capture.ts	//  scripts/visual-contract/baseline-capture.ts — R0: the BEFORE	//  NOT a pool prover — a deliberate capture tool, the INTERVIEW
scripts/visual-contract/baselines/thinking-row-100x30.json	scripts/visual-contract/baseline-capture.ts	//  scripts/visual-contract/baseline-capture.ts — R0: the BEFORE	//  NOT a pool prover — a deliberate capture tool, the INTERVIEW
scripts/visual-contract/baselines/thinking-row-120x40.json	scripts/visual-contract/baseline-capture.ts	//  scripts/visual-contract/baseline-capture.ts — R0: the BEFORE	//  NOT a pool prover — a deliberate capture tool, the INTERVIEW
scripts/visual-contract/baselines/thinking-row-150x45.json	scripts/visual-contract/baseline-capture.ts	//  scripts/visual-contract/baseline-capture.ts — R0: the BEFORE	//  NOT a pool prover — a deliberate capture tool, the INTERVIEW
scripts/visual-contract/baselines/thinking-row-45x12.json	scripts/visual-contract/baseline-capture.ts	//  scripts/visual-contract/baseline-capture.ts — R0: the BEFORE	//  NOT a pool prover — a deliberate capture tool, the INTERVIEW
scripts/visual-contract/baselines/thinking-row-60x18.json	scripts/visual-contract/baseline-capture.ts	//  scripts/visual-contract/baseline-capture.ts — R0: the BEFORE	//  NOT a pool prover — a deliberate capture tool, the INTERVIEW
scripts/visual-contract/baselines/thinking-row-80x24.json	scripts/visual-contract/baseline-capture.ts	//  scripts/visual-contract/baseline-capture.ts — R0: the BEFORE	//  NOT a pool prover — a deliberate capture tool, the INTERVIEW
scripts/critters/fixtures/zzz-frames.json	scripts/critters/prove-critter-sleep.ts	t.check('poison control: every clam frame DIFFERS from the base (the A/B is not vacuous)'	const current = await composeZzzFrames(process.cwd())
