path	bug	lane	commit
scripts/ui/crew-screens-frames-120x40.json	the four eyes on the enter screen: the head's 17 two-colour cells go out as ▄ with the lower pixel as the glyph (the sliver of the lower pixel above a ▀ on Apple Terminal) · then the tool rows' state dot misaligned the tool names (a dotted row's name sat three cells right of a nested row's, a queued row's one cell left of a running row's, a collapsed group's words in the mark's column): the family mark leads every tool row in the same column and carries the state, so the crewmate's settled Sleep row in the view panel reads ▦ Sleep with no ● before it	engine-drawing+tool-rows	848bf36c9+e6a301f43
scripts/ui/crew-screens-frames-178x51.json	the four eyes on the enter screen: the head's 17 two-colour cells go out as ▄ with the lower pixel as the glyph (the sliver of the lower pixel above a ▀ on Apple Terminal) · then the tool rows' state dot misaligned the tool names (a dotted row's name sat three cells right of a nested row's, a queued row's one cell left of a running row's, a collapsed group's words in the mark's column): the family mark leads every tool row in the same column and carries the state, so the crewmate's settled Sleep row in the view panel reads ▦ Sleep with no ● before it	engine-drawing+tool-rows	848bf36c9+e6a301f43
scripts/ui/crew-screens-frames-80x24.json	the tool rows' state dot misaligned the tool names (a dotted row's name sat three cells right of a nested row's, a queued row's one cell left of a running row's, a collapsed group's words in the mark's column): the family mark leads every tool row in the same column and carries the state, so the crewmate's settled Sleep row in the view panel reads ▦ Sleep with no ● before it	tool-rows	e6a301f43
scripts/engine-connector/fixtures/crew-tokens/crew-tokens-inline-60.txt	the grouped Agent row led with the state dot (◐ while running, ● when done) while every other tool row leads with its family mark: it leads with △ carrying the group's state, in the same column	tool-rows	76671bed7
scripts/engine-connector/fixtures/crew-tokens/crew-tokens-inline-80.txt	the grouped Agent row led with the state dot (◐ while running, ● when done) while every other tool row leads with its family mark: it leads with △ carrying the group's state, in the same column	tool-rows	76671bed7
scripts/engine-connector/fixtures/crew-tokens/crew-tokens-inline-100.txt	the grouped Agent row led with the state dot (◐ while running, ● when done) while every other tool row leads with its family mark: it leads with △ carrying the group's state, in the same column	tool-rows	76671bed7
scripts/engine-connector/fixtures/crew-tokens/crew-tokens-inline-178.txt	the grouped Agent row led with the state dot (◐ while running, ● when done) while every other tool row leads with its family mark: it leads with △ carrying the group's state, in the same column	tool-rows	76671bed7
design-system/live/grids/cockpit-wide--120x40--dark--truecolor--full.grid.json	the thin line of the terminal's ground under the critter's eyes on Apple Terminal: the dock sprite's single-colour half cells name the ground when it is known — a painted pixel over nothing goes out as ▄ with the pixel as the background and the ground as the glyph (the four cells under the eye-whites), nothing over a pixel names the ground as its background instead of the default (the crown's empty top row; visible as a style where the family paints no canvas) · then the title row left the view, so the pane opens on its top border and the transcript rises a row (dad9d1b93), and the status row names the folder and branch at its right end before the way back — the owner's design B; the checkout rows' style runs take the fixed spelling's widths	eyes+rail	75a127ae6+1e739dcdd
design-system/live/grids/frame--100x30--dark--truecolor--full.grid.json	the thin line of the terminal's ground under the critter's eyes on Apple Terminal: the dock sprite's single-colour half cells name the ground when it is known — a painted pixel over nothing goes out as ▄ with the pixel as the background and the ground as the glyph (the four cells under the eye-whites), nothing over a pixel names the ground as its background instead of the default (the crown's empty top row; visible as a style where the family paints no canvas) · then the title row left the view, so the pane opens on its top border and the transcript rises a row (dad9d1b93), and the status row names the folder and branch at its right end before the way back — the owner's design B; the checkout rows' style runs take the fixed spelling's widths	eyes+rail	75a127ae6+1e739dcdd
design-system/live/grids/frame--101x30--dark--truecolor--full.grid.json	the thin line of the terminal's ground under the critter's eyes on Apple Terminal: the dock sprite's single-colour half cells name the ground when it is known — a painted pixel over nothing goes out as ▄ with the pixel as the background and the ground as the glyph (the four cells under the eye-whites), nothing over a pixel names the ground as its background instead of the default (the crown's empty top row; visible as a style where the family paints no canvas) · then the title row left the view, so the pane opens on its top border and the transcript rises a row (dad9d1b93), and the status row names the folder and branch at its right end before the way back — the owner's design B; the checkout rows' style runs take the fixed spelling's widths	eyes+rail	75a127ae6+1e739dcdd
design-system/live/grids/frame--120x40--dark--256--full.grid.json	the thin line of the terminal's ground under the critter's eyes on Apple Terminal: the dock sprite's single-colour half cells name the ground when it is known — a painted pixel over nothing goes out as ▄ with the pixel as the background and the ground as the glyph (the four cells under the eye-whites), nothing over a pixel names the ground as its background instead of the default (the crown's empty top row; visible as a style where the family paints no canvas) · then the title row left the view, so the pane opens on its top border and the transcript rises a row (dad9d1b93), and the status row names the folder and branch at its right end before the way back — the owner's design B; the checkout rows' style runs take the fixed spelling's widths	eyes+rail	75a127ae6+1e739dcdd
design-system/live/grids/frame--120x40--dark--ansi--full.grid.json	the thin line of the terminal's ground under the critter's eyes on Apple Terminal: the dock sprite's single-colour half cells name the ground when it is known — a painted pixel over nothing goes out as ▄ with the pixel as the background and the ground as the glyph (the four cells under the eye-whites), nothing over a pixel names the ground as its background instead of the default (the crown's empty top row; visible as a style where the family paints no canvas) · then the title row left the view, so the pane opens on its top border and the transcript rises a row (dad9d1b93), and the status row names the folder and branch at its right end before the way back — the owner's design B; the checkout rows' style runs take the fixed spelling's widths	eyes+rail	75a127ae6+1e739dcdd
design-system/live/grids/frame--120x40--dark--truecolor--full.grid.json	the thin line of the terminal's ground under the critter's eyes on Apple Terminal: the dock sprite's single-colour half cells name the ground when it is known — a painted pixel over nothing goes out as ▄ with the pixel as the background and the ground as the glyph (the four cells under the eye-whites), nothing over a pixel names the ground as its background instead of the default (the crown's empty top row; visible as a style where the family paints no canvas) · then the title row left the view, so the pane opens on its top border and the transcript rises a row (dad9d1b93), and the status row names the folder and branch at its right end before the way back — the owner's design B; the checkout rows' style runs take the fixed spelling's widths	eyes+rail	75a127ae6+1e739dcdd
design-system/live/grids/frame--120x40--dark--truecolor--reduced.grid.json	the thin line of the terminal's ground under the critter's eyes on Apple Terminal: the dock sprite's single-colour half cells name the ground when it is known — a painted pixel over nothing goes out as ▄ with the pixel as the background and the ground as the glyph (the four cells under the eye-whites), nothing over a pixel names the ground as its background instead of the default (the crown's empty top row; visible as a style where the family paints no canvas) · then the title row left the view, so the pane opens on its top border and the transcript rises a row (dad9d1b93), and the status row names the folder and branch at its right end before the way back — the owner's design B; the checkout rows' style runs take the fixed spelling's widths	eyes+rail	75a127ae6+1e739dcdd
design-system/live/grids/frame--120x40--dark-ansi--truecolor--full.grid.json	the thin line of the terminal's ground under the critter's eyes on Apple Terminal: the dock sprite's single-colour half cells name the ground when it is known — a painted pixel over nothing goes out as ▄ with the pixel as the background and the ground as the glyph (the four cells under the eye-whites), nothing over a pixel names the ground as its background instead of the default (the crown's empty top row; visible as a style where the family paints no canvas) · then the title row left the view, so the pane opens on its top border and the transcript rises a row (dad9d1b93), and the status row names the folder and branch at its right end before the way back — the owner's design B; the checkout rows' style runs take the fixed spelling's widths	eyes+rail	75a127ae6+1e739dcdd
design-system/live/grids/frame--120x40--dark-daltonized--truecolor--full.grid.json	the thin line of the terminal's ground under the critter's eyes on Apple Terminal: the dock sprite's single-colour half cells name the ground when it is known — a painted pixel over nothing goes out as ▄ with the pixel as the background and the ground as the glyph (the four cells under the eye-whites), nothing over a pixel names the ground as its background instead of the default (the crown's empty top row; visible as a style where the family paints no canvas) · then the title row left the view, so the pane opens on its top border and the transcript rises a row (dad9d1b93), and the status row names the folder and branch at its right end before the way back — the owner's design B; the checkout rows' style runs take the fixed spelling's widths	eyes+rail	75a127ae6+1e739dcdd
design-system/live/grids/frame--149x40--dark--truecolor--full.grid.json	the thin line of the terminal's ground under the critter's eyes on Apple Terminal: the dock sprite's single-colour half cells name the ground when it is known — a painted pixel over nothing goes out as ▄ with the pixel as the background and the ground as the glyph (the four cells under the eye-whites), nothing over a pixel names the ground as its background instead of the default (the crown's empty top row; visible as a style where the family paints no canvas) · then the title row left the view, so the pane opens on its top border and the transcript rises a row (dad9d1b93), and the status row names the folder and branch at its right end before the way back — the owner's design B; the checkout rows' style runs take the fixed spelling's widths	eyes+rail	75a127ae6+1e739dcdd
design-system/live/grids/frame--150x40--dark--truecolor--full.grid.json	the thin line of the terminal's ground under the critter's eyes on Apple Terminal: the dock sprite's single-colour half cells name the ground when it is known — a painted pixel over nothing goes out as ▄ with the pixel as the background and the ground as the glyph (the four cells under the eye-whites), nothing over a pixel names the ground as its background instead of the default (the crown's empty top row; visible as a style where the family paints no canvas) · then the title row left the view, so the pane opens on its top border and the transcript rises a row (dad9d1b93), and the status row names the folder and branch at its right end before the way back — the owner's design B; the checkout rows' style runs take the fixed spelling's widths	eyes+rail	75a127ae6+1e739dcdd
design-system/live/grids/frame--151x40--dark--truecolor--full.grid.json	the thin line of the terminal's ground under the critter's eyes on Apple Terminal: the dock sprite's single-colour half cells name the ground when it is known — a painted pixel over nothing goes out as ▄ with the pixel as the background and the ground as the glyph (the four cells under the eye-whites), nothing over a pixel names the ground as its background instead of the default (the crown's empty top row; visible as a style where the family paints no canvas) · then the title row left the view, so the pane opens on its top border and the transcript rises a row (dad9d1b93), and the status row names the folder and branch at its right end before the way back — the owner's design B; the checkout rows' style runs take the fixed spelling's widths	eyes+rail	75a127ae6+1e739dcdd
design-system/live/grids/frame--160x50--dark--truecolor--full.grid.json	the thin line of the terminal's ground under the critter's eyes on Apple Terminal: the dock sprite's single-colour half cells name the ground when it is known — a painted pixel over nothing goes out as ▄ with the pixel as the background and the ground as the glyph (the four cells under the eye-whites), nothing over a pixel names the ground as its background instead of the default (the crown's empty top row; visible as a style where the family paints no canvas) · then the title row left the view, so the pane opens on its top border and the transcript rises a row (dad9d1b93), and the status row names the folder and branch at its right end before the way back — the owner's design B; the checkout rows' style runs take the fixed spelling's widths	eyes+rail	75a127ae6+1e739dcdd
design-system/live/grids/frame--269x70--dark--truecolor--full.grid.json	the thin line of the terminal's ground under the critter's eyes on Apple Terminal: the dock sprite's single-colour half cells name the ground when it is known — a painted pixel over nothing goes out as ▄ with the pixel as the background and the ground as the glyph (the four cells under the eye-whites), nothing over a pixel names the ground as its background instead of the default (the crown's empty top row; visible as a style where the family paints no canvas) · then the title row left the view, so the pane opens on its top border and the transcript rises a row (dad9d1b93), and the status row names the folder and branch at its right end before the way back — the owner's design B; the checkout rows' style runs take the fixed spelling's widths	eyes+rail	75a127ae6+1e739dcdd
design-system/live/grids/frame--80x24--dark--truecolor--full.grid.json	the thin line of the terminal's ground under the critter's eyes on Apple Terminal: the dock sprite's single-colour half cells name the ground when it is known — a painted pixel over nothing goes out as ▄ with the pixel as the background and the ground as the glyph (the four cells under the eye-whites), nothing over a pixel names the ground as its background instead of the default (the crown's empty top row; visible as a style where the family paints no canvas) · then a recording's checkout rows carried the recording checkout's name only in their text: the style runs still had the real name's width, so a worktree with a longer or shorter name graded unequal on an unmasked row (the sessions popup's folder row, the inline band's folder chip); the canonical spelling now respells the runs with the text	eyes+rail	75a127ae6+a78b1e9e7
design-system/live/grids/frame--97x30--dark--truecolor--full.grid.json	the thin line of the terminal's ground under the critter's eyes on Apple Terminal: the dock sprite's single-colour half cells name the ground when it is known — a painted pixel over nothing goes out as ▄ with the pixel as the background and the ground as the glyph (the four cells under the eye-whites), nothing over a pixel names the ground as its background instead of the default (the crown's empty top row; visible as a style where the family paints no canvas) · then a recording's checkout rows carried the recording checkout's name only in their text: the style runs still had the real name's width, so a worktree with a longer or shorter name graded unequal on an unmasked row (the sessions popup's folder row, the inline band's folder chip); the canonical spelling now respells the runs with the text	eyes+rail	75a127ae6+a78b1e9e7
design-system/live/grids/frame--99x30--dark--truecolor--full.grid.json	the thin line of the terminal's ground under the critter's eyes on Apple Terminal: the dock sprite's single-colour half cells name the ground when it is known — a painted pixel over nothing goes out as ▄ with the pixel as the background and the ground as the glyph (the four cells under the eye-whites), nothing over a pixel names the ground as its background instead of the default (the crown's empty top row; visible as a style where the family paints no canvas) · then a recording's checkout rows carried the recording checkout's name only in their text: the style runs still had the real name's width, so a worktree with a longer or shorter name graded unequal on an unmasked row (the sessions popup's folder row, the inline band's folder chip); the canonical spelling now respells the runs with the text	eyes+rail	75a127ae6+a78b1e9e7
design-system/live/grids/help--120x40--dark--truecolor--full.grid.json	the thin line of the terminal's ground under the critter's eyes on Apple Terminal: the dock sprite's single-colour half cells name the ground when it is known — a painted pixel over nothing goes out as ▄ with the pixel as the background and the ground as the glyph (the four cells under the eye-whites), nothing over a pixel names the ground as its background instead of the default (the crown's empty top row; visible as a style where the family paints no canvas) · then the title row left the view, so the pane opens on its top border and the transcript rises a row (dad9d1b93), and the status row names the folder and branch at its right end before the way back — the owner's design B; the checkout rows' style runs take the fixed spelling's widths	eyes+rail	75a127ae6+1e739dcdd
design-system/live/grids/resume-2turn--100x30--dark--truecolor--full.grid.json	the thin line of the terminal's ground under the critter's eyes on Apple Terminal: the dock sprite's single-colour half cells name the ground when it is known — a painted pixel over nothing goes out as ▄ with the pixel as the background and the ground as the glyph (the four cells under the eye-whites), nothing over a pixel names the ground as its background instead of the default (the crown's empty top row; visible as a style where the family paints no canvas) · then the title row left the view, so the pane opens on its top border and the transcript rises a row (dad9d1b93), and the status row names the folder and branch at its right end before the way back — the owner's design B; the checkout rows' style runs take the fixed spelling's widths	eyes+rail	75a127ae6+1e739dcdd
design-system/live/grids/resume-2turn--101x30--dark--truecolor--full.grid.json	the thin line of the terminal's ground under the critter's eyes on Apple Terminal: the dock sprite's single-colour half cells name the ground when it is known — a painted pixel over nothing goes out as ▄ with the pixel as the background and the ground as the glyph (the four cells under the eye-whites), nothing over a pixel names the ground as its background instead of the default (the crown's empty top row; visible as a style where the family paints no canvas) · then the title row left the view, so the pane opens on its top border and the transcript rises a row (dad9d1b93), and the status row names the folder and branch at its right end before the way back — the owner's design B; the checkout rows' style runs take the fixed spelling's widths	eyes+rail	75a127ae6+1e739dcdd
design-system/live/grids/resume-2turn--120x40--dark--256--full.grid.json	the thin line of the terminal's ground under the critter's eyes on Apple Terminal: the dock sprite's single-colour half cells name the ground when it is known — a painted pixel over nothing goes out as ▄ with the pixel as the background and the ground as the glyph (the four cells under the eye-whites), nothing over a pixel names the ground as its background instead of the default (the crown's empty top row; visible as a style where the family paints no canvas) · then the title row left the view, so the pane opens on its top border and the transcript rises a row (dad9d1b93), and the status row names the folder and branch at its right end before the way back — the owner's design B; the checkout rows' style runs take the fixed spelling's widths	eyes+rail	75a127ae6+1e739dcdd
design-system/live/grids/resume-2turn--120x40--dark--ansi--full.grid.json	the thin line of the terminal's ground under the critter's eyes on Apple Terminal: the dock sprite's single-colour half cells name the ground when it is known — a painted pixel over nothing goes out as ▄ with the pixel as the background and the ground as the glyph (the four cells under the eye-whites), nothing over a pixel names the ground as its background instead of the default (the crown's empty top row; visible as a style where the family paints no canvas) · then the title row left the view, so the pane opens on its top border and the transcript rises a row (dad9d1b93), and the status row names the folder and branch at its right end before the way back — the owner's design B; the checkout rows' style runs take the fixed spelling's widths	eyes+rail	75a127ae6+1e739dcdd
design-system/live/grids/resume-2turn--120x40--dark--truecolor--full.grid.json	the thin line of the terminal's ground under the critter's eyes on Apple Terminal: the dock sprite's single-colour half cells name the ground when it is known — a painted pixel over nothing goes out as ▄ with the pixel as the background and the ground as the glyph (the four cells under the eye-whites), nothing over a pixel names the ground as its background instead of the default (the crown's empty top row; visible as a style where the family paints no canvas) · then the title row left the view, so the pane opens on its top border and the transcript rises a row (dad9d1b93), and the status row names the folder and branch at its right end before the way back — the owner's design B; the checkout rows' style runs take the fixed spelling's widths	eyes+rail	75a127ae6+1e739dcdd
design-system/live/grids/resume-2turn--120x40--dark-ansi--truecolor--full.grid.json	the thin line of the terminal's ground under the critter's eyes on Apple Terminal: the dock sprite's single-colour half cells name the ground when it is known — a painted pixel over nothing goes out as ▄ with the pixel as the background and the ground as the glyph (the four cells under the eye-whites), nothing over a pixel names the ground as its background instead of the default (the crown's empty top row; visible as a style where the family paints no canvas) · then the title row left the view, so the pane opens on its top border and the transcript rises a row (dad9d1b93), and the status row names the folder and branch at its right end before the way back — the owner's design B; the checkout rows' style runs take the fixed spelling's widths	eyes+rail	75a127ae6+1e739dcdd
design-system/live/grids/resume-2turn--120x40--dark-daltonized--truecolor--full.grid.json	the thin line of the terminal's ground under the critter's eyes on Apple Terminal: the dock sprite's single-colour half cells name the ground when it is known — a painted pixel over nothing goes out as ▄ with the pixel as the background and the ground as the glyph (the four cells under the eye-whites), nothing over a pixel names the ground as its background instead of the default (the crown's empty top row; visible as a style where the family paints no canvas) · then the title row left the view, so the pane opens on its top border and the transcript rises a row (dad9d1b93), and the status row names the folder and branch at its right end before the way back — the owner's design B; the checkout rows' style runs take the fixed spelling's widths	eyes+rail	75a127ae6+1e739dcdd
design-system/live/grids/resume-2turn--149x40--dark--truecolor--full.grid.json	the thin line of the terminal's ground under the critter's eyes on Apple Terminal: the dock sprite's single-colour half cells name the ground when it is known — a painted pixel over nothing goes out as ▄ with the pixel as the background and the ground as the glyph (the four cells under the eye-whites), nothing over a pixel names the ground as its background instead of the default (the crown's empty top row; visible as a style where the family paints no canvas) · then the title row left the view, so the pane opens on its top border and the transcript rises a row (dad9d1b93), and the status row names the folder and branch at its right end before the way back — the owner's design B; the checkout rows' style runs take the fixed spelling's widths	eyes+rail	75a127ae6+1e739dcdd
design-system/live/grids/resume-2turn--150x40--dark--truecolor--full.grid.json	the thin line of the terminal's ground under the critter's eyes on Apple Terminal: the dock sprite's single-colour half cells name the ground when it is known — a painted pixel over nothing goes out as ▄ with the pixel as the background and the ground as the glyph (the four cells under the eye-whites), nothing over a pixel names the ground as its background instead of the default (the crown's empty top row; visible as a style where the family paints no canvas) · then the title row left the view, so the pane opens on its top border and the transcript rises a row (dad9d1b93), and the status row names the folder and branch at its right end before the way back — the owner's design B; the checkout rows' style runs take the fixed spelling's widths	eyes+rail	75a127ae6+1e739dcdd
design-system/live/grids/resume-2turn--151x40--dark--truecolor--full.grid.json	the thin line of the terminal's ground under the critter's eyes on Apple Terminal: the dock sprite's single-colour half cells name the ground when it is known — a painted pixel over nothing goes out as ▄ with the pixel as the background and the ground as the glyph (the four cells under the eye-whites), nothing over a pixel names the ground as its background instead of the default (the crown's empty top row; visible as a style where the family paints no canvas) · then the title row left the view, so the pane opens on its top border and the transcript rises a row (dad9d1b93), and the status row names the folder and branch at its right end before the way back — the owner's design B; the checkout rows' style runs take the fixed spelling's widths	eyes+rail	75a127ae6+1e739dcdd
design-system/live/grids/resume-2turn--160x50--dark--truecolor--full.grid.json	the thin line of the terminal's ground under the critter's eyes on Apple Terminal: the dock sprite's single-colour half cells name the ground when it is known — a painted pixel over nothing goes out as ▄ with the pixel as the background and the ground as the glyph (the four cells under the eye-whites), nothing over a pixel names the ground as its background instead of the default (the crown's empty top row; visible as a style where the family paints no canvas) · then the title row left the view, so the pane opens on its top border and the transcript rises a row (dad9d1b93), and the status row names the folder and branch at its right end before the way back — the owner's design B; the checkout rows' style runs take the fixed spelling's widths	eyes+rail	75a127ae6+1e739dcdd
design-system/live/grids/resume-2turn--269x70--dark--truecolor--full.grid.json	the thin line of the terminal's ground under the critter's eyes on Apple Terminal: the dock sprite's single-colour half cells name the ground when it is known — a painted pixel over nothing goes out as ▄ with the pixel as the background and the ground as the glyph (the four cells under the eye-whites), nothing over a pixel names the ground as its background instead of the default (the crown's empty top row; visible as a style where the family paints no canvas) · then the title row left the view, so the pane opens on its top border and the transcript rises a row (dad9d1b93), and the status row names the folder and branch at its right end before the way back — the owner's design B; the checkout rows' style runs take the fixed spelling's widths	eyes+rail	75a127ae6+1e739dcdd
design-system/live/grids/resume-2turn--80x24--dark--truecolor--full.grid.json	the thin line of the terminal's ground under the critter's eyes on Apple Terminal: the dock sprite's single-colour half cells name the ground when it is known — a painted pixel over nothing goes out as ▄ with the pixel as the background and the ground as the glyph (the four cells under the eye-whites), nothing over a pixel names the ground as its background instead of the default (the crown's empty top row; visible as a style where the family paints no canvas) · then a recording's checkout rows carried the recording checkout's name only in their text: the style runs still had the real name's width, so a worktree with a longer or shorter name graded unequal on an unmasked row (the sessions popup's folder row, the inline band's folder chip); the canonical spelling now respells the runs with the text	eyes+rail	75a127ae6+a78b1e9e7
design-system/live/grids/resume-2turn--97x30--dark--truecolor--full.grid.json	the thin line of the terminal's ground under the critter's eyes on Apple Terminal: the dock sprite's single-colour half cells name the ground when it is known — a painted pixel over nothing goes out as ▄ with the pixel as the background and the ground as the glyph (the four cells under the eye-whites), nothing over a pixel names the ground as its background instead of the default (the crown's empty top row; visible as a style where the family paints no canvas) · then a recording's checkout rows carried the recording checkout's name only in their text: the style runs still had the real name's width, so a worktree with a longer or shorter name graded unequal on an unmasked row (the sessions popup's folder row, the inline band's folder chip); the canonical spelling now respells the runs with the text	eyes+rail	75a127ae6+a78b1e9e7
design-system/live/grids/resume-2turn--99x30--dark--truecolor--full.grid.json	the thin line of the terminal's ground under the critter's eyes on Apple Terminal: the dock sprite's single-colour half cells name the ground when it is known — a painted pixel over nothing goes out as ▄ with the pixel as the background and the ground as the glyph (the four cells under the eye-whites), nothing over a pixel names the ground as its background instead of the default (the crown's empty top row; visible as a style where the family paints no canvas) · then a recording's checkout rows carried the recording checkout's name only in their text: the style runs still had the real name's width, so a worktree with a longer or shorter name graded unequal on an unmasked row (the sessions popup's folder row, the inline band's folder chip); the canonical spelling now respells the runs with the text	eyes+rail	75a127ae6+a78b1e9e7
design-system/live/grids/sessions--120x40--dark--truecolor--full.grid.json	the thin line of the terminal's ground under the critter's eyes on Apple Terminal: the dock sprite's single-colour half cells name the ground when it is known — a painted pixel over nothing goes out as ▄ with the pixel as the background and the ground as the glyph (the four cells under the eye-whites), nothing over a pixel names the ground as its background instead of the default (the crown's empty top row; visible as a style where the family paints no canvas) · then the title row left the view, so the pane opens on its top border and the transcript rises a row (dad9d1b93), and the status row names the folder and branch at its right end before the way back — the owner's design B; the checkout rows' style runs take the fixed spelling's widths	eyes+rail	75a127ae6+1e739dcdd
design-system/live/grids/tool-cards--120x40--dark--truecolor--full.grid.json	the thin line of the terminal's ground under the critter's eyes on Apple Terminal: the dock sprite's single-colour half cells name the ground when it is known — a painted pixel over nothing goes out as ▄ with the pixel as the background and the ground as the glyph (the four cells under the eye-whites), nothing over a pixel names the ground as its background instead of the default (the crown's empty top row; visible as a style where the family paints no canvas) · then the title row left the view, so the pane opens on its top border and the transcript rises a row (dad9d1b93), and the status row names the folder and branch at its right end before the way back — the owner's design B; the checkout rows' style runs take the fixed spelling's widths · then the collapsed group row led with the state dot and no family mark, its words starting in the mark's column: it leads with the mark of the work its sentence names first, ▤ Read 1 file, ran 1 bash command, the words in the name column (the dock's ripple row re-recorded at the settled phase every other grid shows; the earlier capture had caught a ripple frame)	eyes+rail+tool-rows	75a127ae6+1e739dcdd+e6a301f43
design-system/live/grids/frame--120x40--dark--none--full.grid.json	the title row left the view, so the pane opens on its top border and the transcript rises a row (dad9d1b93), and the status row names the folder and branch at its right end before the way back — the owner's design B; the checkout rows' style runs take the fixed spelling's widths	rail	1e739dcdd
design-system/live/grids/frame--120x40--light--truecolor--full.grid.json	the title row left the view, so the pane opens on its top border and the transcript rises a row (dad9d1b93), and the status row names the folder and branch at its right end before the way back — the owner's design B; the checkout rows' style runs take the fixed spelling's widths	rail	1e739dcdd
design-system/live/grids/frame--120x40--light-ansi--truecolor--full.grid.json	the title row left the view, so the pane opens on its top border and the transcript rises a row (dad9d1b93), and the status row names the folder and branch at its right end before the way back — the owner's design B; the checkout rows' style runs take the fixed spelling's widths	rail	1e739dcdd
design-system/live/grids/frame--120x40--light-daltonized--truecolor--full.grid.json	the title row left the view, so the pane opens on its top border and the transcript rises a row (dad9d1b93), and the status row names the folder and branch at its right end before the way back — the owner's design B; the checkout rows' style runs take the fixed spelling's widths	rail	1e739dcdd
design-system/live/grids/resume-2turn--120x40--dark--none--full.grid.json	the title row left the view, so the pane opens on its top border and the transcript rises a row (dad9d1b93), and the status row names the folder and branch at its right end before the way back — the owner's design B; the checkout rows' style runs take the fixed spelling's widths	rail	1e739dcdd
design-system/live/grids/resume-2turn--120x40--light--truecolor--full.grid.json	the title row left the view, so the pane opens on its top border and the transcript rises a row (dad9d1b93), and the status row names the folder and branch at its right end before the way back — the owner's design B; the checkout rows' style runs take the fixed spelling's widths	rail	1e739dcdd
design-system/live/grids/resume-2turn--120x40--light-ansi--truecolor--full.grid.json	the title row left the view, so the pane opens on its top border and the transcript rises a row (dad9d1b93), and the status row names the folder and branch at its right end before the way back — the owner's design B; the checkout rows' style runs take the fixed spelling's widths	rail	1e739dcdd
design-system/live/grids/resume-2turn--120x40--light-daltonized--truecolor--full.grid.json	the title row left the view, so the pane opens on its top border and the transcript rises a row (dad9d1b93), and the status row names the folder and branch at its right end before the way back — the owner's design B; the checkout rows' style runs take the fixed spelling's widths	rail	1e739dcdd
design-system/live/grids/sessions--120x40--dark-ansi--truecolor--full.grid.json	a recording's checkout rows carried the recording checkout's name only in their text: the style runs still had the real name's width, so a worktree with a longer or shorter name graded unequal on an unmasked row (the sessions popup's folder row, the inline band's folder chip); the canonical spelling now respells the runs with the text	rail	a78b1e9e7
design-system/live/grids/sessions--120x40--dark-daltonized--truecolor--full.grid.json	a recording's checkout rows carried the recording checkout's name only in their text: the style runs still had the real name's width, so a worktree with a longer or shorter name graded unequal on an unmasked row (the sessions popup's folder row, the inline band's folder chip); the canonical spelling now respells the runs with the text	rail	a78b1e9e7
design-system/live/grids/sessions--120x40--light--truecolor--full.grid.json	a recording's checkout rows carried the recording checkout's name only in their text: the style runs still had the real name's width, so a worktree with a longer or shorter name graded unequal on an unmasked row (the sessions popup's folder row, the inline band's folder chip); the canonical spelling now respells the runs with the text	rail	a78b1e9e7
design-system/live/grids/sessions--120x40--light-ansi--truecolor--full.grid.json	a recording's checkout rows carried the recording checkout's name only in their text: the style runs still had the real name's width, so a worktree with a longer or shorter name graded unequal on an unmasked row (the sessions popup's folder row, the inline band's folder chip); the canonical spelling now respells the runs with the text	rail	a78b1e9e7
design-system/live/grids/sessions--120x40--light-daltonized--truecolor--full.grid.json	a recording's checkout rows carried the recording checkout's name only in their text: the style runs still had the real name's width, so a worktree with a longer or shorter name graded unequal on an unmasked row (the sessions popup's folder row, the inline band's folder chip); the canonical spelling now respells the runs with the text	rail	a78b1e9e7
scripts/ui/fixtures/settings-popup-header/config-100x30.txt	the settings popup host reserved a title row that no longer exists, so the popup opened a row low with a transcript row showing above its gutter; it opens on the pane's first interior row	rail	db4d4443b
scripts/ui/fixtures/settings-popup-header/config-120x40.txt	the settings popup host reserved a title row that no longer exists, so the popup opened a row low with a transcript row showing above its gutter; it opens on the pane's first interior row	rail	db4d4443b
scripts/ui/fixtures/settings-popup-header/logins-100x30.txt	the settings popup host reserved a title row that no longer exists, so the popup opened a row low with a transcript row showing above its gutter; it opens on the pane's first interior row	rail	db4d4443b
scripts/ui/fixtures/settings-popup-header/logins-120x40.txt	the settings popup host reserved a title row that no longer exists, so the popup opened a row low with a transcript row showing above its gutter; it opens on the pane's first interior row	rail	db4d4443b
scripts/ui/fixtures/settings-popup-header/status-100x30.txt	the settings popup host reserved a title row that no longer exists, so the popup opened a row low with a transcript row showing above its gutter; it opens on the pane's first interior row	rail	db4d4443b
scripts/ui/fixtures/settings-popup-header/status-120x40.txt	the settings popup host reserved a title row that no longer exists, so the popup opened a row low with a transcript row showing above its gutter; it opens on the pane's first interior row	rail	db4d4443b
scripts/ui/fixtures/settings-popup-header/usage-100x30.txt	the settings popup host reserved a title row that no longer exists, so the popup opened a row low with a transcript row showing above its gutter; it opens on the pane's first interior row	rail	db4d4443b
scripts/ui/fixtures/settings-popup-header/usage-120x40.txt	the settings popup host reserved a title row that no longer exists, so the popup opened a row low with a transcript row showing above its gutter; it opens on the pane's first interior row	rail	db4d4443b
